Product,Value,Weight,Value/Weight Ratio,Max. Capacity
A,6,5,1.2,10
B,5,4,1.25,10
C,1,2,0.5,10
D,5,5,1,10
E,5,3,1.666666667,10
F,3,2,1.5,10
G,20,2,10,10
H,3,5,0.6,10
I,6,1,6,10
J,19,5,3.8,10
K,12,1,12,10
L,11,5,2.2,10
M,20,6,3.333333333,10
N,11,7,1.571428571,10
O,20,5,4,10
P,11,6,1.833333333,10
Q,20,8,2.5,10